Wage bin,NJ wave1,PA wave1,NJ wave2,PA wave2
<4.00,0.0,0.0,0.0,0.0
4.00-4.24,0.0,0.0,0.0,0.0
4.25,36.94267515923567,35.526315789473685,0.0,38.028169014084504
4.26-4.50,22.929936305732486,18.421052631578945,0.0,15.492957746478872
4.51-4.75,16.878980891719745,14.473684210526317,0.0,23.943661971830984
4.76-5.00,14.331210191082802,26.31578947368421,0.3144654088050315,18.30985915492958
5.05,6.050955414012739,2.631578947368421,96.22641509433963,2.8169014084507045
5.06-5.50,2.8662420382165608,2.631578947368421,3.459119496855346,0.0
>5.50,0.0,0.0,0.0,1.4084507042253522
