Panel,Variable,NJ,PA
A. Store types (%),Burger King,41.08761329305136,44.303797468354425
A. Store types (%),KFC,20.54380664652568,15.18987341772152
A. Store types (%),Roy Rogers,24.773413897280967,21.518987341772153
A. Store types (%),Wendy's,13.595166163141995,18.9873417721519
A. Store types (%),Company-owned,34.13897280966767,35.44303797468354
B. Wave 1 means,FTE employment,20.439408099688475,23.33116883116883
B. Wave 1 means,Full-time workers,7.723926380368098,10.205128205128204
B. Wave 1 means,Part-time workers,18.67530487804878,19.487179487179485
B. Wave 1 means,Managers,3.3920245398773003,3.5384615384615383
B. Wave 1 means,Starting wage ($/hr),4.612133757961783,4.630131578947369
B. Wave 1 means,% wage = $4.25,30.513595166163142,32.91139240506329
B. Wave 1 means,Price of full meal ($),3.351061093247589,3.042368421052631
B. Wave 1 means,Weekday hours open,14.418429003021147,14.525316455696203
B. Wave 1 means,Recruiting bonus (%),23.564954682779458,29.11392405063291
C. Wave 2 means,FTE employment,21.02742946708464,21.165584415584416
C. Wave 2 means,Full-time workers,8.445482866043614,7.564935064935065
C. Wave 2 means,Part-time workers,18.373065015479877,19.954545454545453
C. Wave 2 means,Managers,3.446319018404908,3.641025641025641
C. Wave 2 means,Starting wage ($/hr),5.080849056603773,4.617464788732394
C. Wave 2 means,% wage = $4.25,0.0,25.31645569620253
C. Wave 2 means,% wage = $5.05,85.49848942598187,1.2658227848101267
C. Wave 2 means,Price of full meal ($),3.414754098360656,3.026619718309859
C. Wave 2 means,Weekday hours open,14.419781931464174,14.653846153846153
