store_id,treated,STATE,CHAIN,CO_OWNED,SOUTHJ,CENTRALJ,NORTHJ,PA1,PA2,SHORE,fte,wage,wave
0,0,0,1,0,0,0,0,1,0,0,40.5,,1
1,0,0,2,0,0,0,0,1,0,0,13.75,,1
2,0,0,2,1,0,0,0,1,0,0,8.5,,1
3,0,0,4,1,0,0,0,1,0,0,34.0,5.0,1
4,0,0,4,1,0,0,0,1,0,0,24.0,5.5,1
5,0,0,4,1,0,0,0,1,0,0,20.5,5.0,1
6,0,0,1,0,0,0,0,0,1,0,70.5,5.0,1
7,0,0,1,0,0,0,0,0,1,0,23.5,5.0,1
8,0,0,2,1,0,0,0,0,1,0,11.0,5.25,1
9,0,0,2,1,0,0,0,1,0,0,9.0,5.0,1
10,0,0,3,1,0,0,0,0,1,0,15.5,5.0,1
11,0,0,1,0,0,0,0,0,1,0,58.0,5.0,1
12,0,0,1,0,0,0,0,0,1,0,26.5,5.0,1
13,0,0,1,0,0,0,0,0,1,0,28.5,5.5,1
14,0,0,1,0,0,0,0,0,1,0,13.5,5.0,1
15,0,0,2,1,0,0,0,0,1,0,16.75,5.25,1
16,0,0,2,1,0,0,0,0,1,0,9.5,5.0,1
17,0,0,3,1,0,0,0,0,1,0,15.0,5.0,1
18,0,0,3,0,0,0,0,0,1,0,29.5,5.0,1
19,0,0,3,0,0,0,0,0,1,0,18.5,5.0,1
20,0,0,3,1,0,0,0,0,1,0,20.25,5.0,1
21,0,0,3,1,0,0,0,1,0,0,36.0,5.0,1
22,0,0,3,0,0,0,0,0,1,0,21.0,5.0,1
23,0,0,3,1,0,0,0,0,1,0,20.5,5.0,1
24,0,0,4,1,0,0,0,0,1,0,19.0,5.0,1
25,0,0,3,1,0,0,0,0,1,0,14.0,5.0,1
26,0,0,3,1,0,0,0,0,1,0,19.0,5.0,1
27,0,0,1,0,0,0,0,1,0,0,32.5,4.25,1
28,0,0,1,0,0,0,0,1,0,0,19.0,4.25,1
29,0,0,1,0,0,0,0,1,0,0,27.0,4.25,1
30,0,0,1,0,0,0,0,1,0,0,19.5,4.25,1
31,0,0,1,0,0,0,0,1,0,0,24.0,4.5,1
32,0,0,1,0,0,0,0,1,0,0,18.0,4.25,1
33,0,0,1,0,0,0,0,1,0,0,,4.5,1
34,0,0,1,0,0,0,0,1,0,0,19.0,4.25,1
35,0,0,2,0,0,0,0,1,0,0,14.0,4.5,1
36,0,0,2,0,0,0,0,1,0,0,10.5,4.25,1
37,0,0,4,1,0,0,0,1,0,0,38.0,4.67,1
38,0,0,4,1,0,0,0,1,0,0,23.5,4.75,1
39,0,0,4,0,0,0,0,1,0,0,10.5,4.25,1
40,0,0,4,0,0,0,0,1,0,0,25.0,4.25,1
41,0,0,2,1,0,0,0,0,1,0,11.0,4.75,1
42,0,0,1,0,0,0,0,1,0,0,36.5,4.25,1
43,0,0,1,0,0,0,0,1,0,0,52.5,4.5,1
44,0,0,1,0,0,0,0,1,0,0,29.0,4.25,1
45,0,0,1,0,0,0,0,1,0,0,45.0,4.25,1
46,0,0,1,0,0,0,0,1,0,0,22.75,4.25,1
47,0,0,2,0,0,0,0,1,0,0,7.5,4.25,1
48,0,0,4,0,0,0,0,1,0,0,15.5,4.25,1
49,0,0,4,0,0,0,0,1,0,0,38.0,4.25,1
50,0,0,4,0,0,0,0,1,0,0,17.5,4.25,1
51,0,0,4,0,0,0,0,1,0,0,25.0,4.25,1
52,0,0,1,0,0,0,0,0,1,0,,4.5,1
53,0,0,1,0,0,0,0,0,1,0,21.0,4.75,1
54,0,0,1,0,0,0,0,0,1,0,15.5,4.87,1
55,0,0,1,0,0,0,0,0,1,0,15.5,4.75,1
56,0,0,2,1,0,0,0,0,1,0,8.5,4.5,1
57,0,0,3,1,0,0,0,0,1,0,18.0,4.25,1
58,0,0,4,0,0,0,0,0,1,0,20.75,4.75,1
59,0,0,1,0,0,0,0,0,1,0,39.0,4.25,1
60,0,0,1,0,0,0,0,0,1,0,41.5,4.25,1
61,0,0,1,0,0,0,0,0,1,0,22.5,4.75,1
62,0,0,1,0,0,0,0,0,1,0,32.0,4.5,1
63,0,0,1,0,0,0,0,1,0,0,24.0,4.25,1
64,0,0,1,0,0,0,0,0,1,0,26.0,4.25,1
65,0,0,1,0,0,0,0,1,0,0,48.5,4.5,1
66,0,0,2,1,0,0,0,0,1,0,8.5,4.5,1
67,0,0,3,0,0,0,0,0,1,0,18.5,4.5,1
68,0,0,3,1,0,0,0,0,1,0,13.0,4.5,1
69,0,0,4,1,0,0,0,0,1,0,22.5,4.5,1
70,0,0,4,1,0,0,0,0,1,0,28.0,4.75,1
71,0,0,1,0,0,0,0,0,1,0,24.5,4.25,1
72,0,0,1,0,0,0,0,0,1,0,18.5,4.75,1
73,0,0,3,1,0,0,0,0,1,0,23.5,4.25,1
74,0,0,3,1,0,0,0,0,1,0,15.0,4.75,1
75,0,0,3,0,0,0,0,0,1,0,18.0,4.5,1
76,0,0,3,1,0,0,0,0,1,0,20.25,4.75,1
77,0,0,1,0,0,0,0,1,0,0,15.5,4.25,1
78,0,0,1,0,0,0,0,1,0,0,21.0,4.35,1
79,1,1,1,0,0,1,0,0,0,0,15.0,,1
80,1,1,1,0,0,1,0,0,0,0,15.0,,1
81,1,1,3,0,0,1,0,0,0,0,24.0,,1
82,1,1,3,1,0,0,1,0,0,0,19.25,,1
83,1,1,1,0,0,0,1,0,0,0,21.5,,1
84,1,1,2,0,0,0,1,0,0,0,9.5,,1
85,1,1,4,0,0,0,1,0,0,0,44.0,,1
86,1,1,1,0,0,0,1,0,0,0,,,1
87,1,1,1,0,0,0,1,0,0,0,21.0,,1
88,1,1,4,0,1,0,0,0,0,1,28.0,,1
89,1,1,4,0,1,0,0,0,0,0,10.0,,1
90,1,1,1,0,0,0,1,0,0,0,20.5,,1
91,1,1,3,1,0,0,1,0,0,0,25.5,,1
92,1,1,4,0,0,0,1,0,0,0,19.0,,1
93,1,1,1,0,1,0,0,0,0,0,16.5,,1
94,1,1,1,1,1,0,0,0,0,0,17.0,,1
95,1,1,1,1,0,0,1,0,0,0,27.5,,1
96,1,1,3,1,0,1,0,0,0,0,5.0,5.0,1
97,1,1,2,0,0,1,0,0,0,0,16.0,5.12,1
98,1,1,1,0,0,0,1,0,0,0,41.5,5.56,1
99,1,1,2,1,0,1,0,0,0,0,13.0,5.0,1
100,1,1,2,0,0,0,1,0,0,0,10.0,5.0,1
101,1,1,2,0,0,1,0,0,0,0,15.0,5.25,1
102,1,1,3,0,0,0,1,0,0,0,26.0,5.0,1
103,1,1,4,0,0,1,0,0,0,0,18.0,5.5,1
104,1,1,3,0,0,0,1,0,0,0,35.0,5.0,1
105,1,1,3,1,0,0,1,0,0,0,21.0,5.0,1
106,1,1,4,0,0,0,1,0,0,0,34.5,5.0,1
107,1,1,4,0,0,0,1,0,0,0,18.25,5.0,1
108,1,1,4,0,0,0,1,0,0,0,24.5,5.0,1
109,1,1,1,0,0,1,0,0,0,1,20.0,5.5,1
110,1,1,1,1,0,1,0,0,0,0,16.0,5.0,1
111,1,1,2,0,0,1,0,0,0,0,17.5,5.0,1
112,1,1,4,0,0,0,1,0,0,0,20.5,5.0,1
113,1,1,4,0,0,0,1,0,0,0,20.0,5.0,1
114,1,1,2,1,0,1,0,0,0,0,12.25,5.0,1
115,1,1,3,0,0,1,0,0,0,0,33.0,5.25,1
116,1,1,3,0,0,1,0,0,0,0,31.5,5.5,1
117,1,1,4,0,0,1,0,0,0,0,,5.5,1
118,1,1,4,0,0,1,0,0,0,0,18.0,5.37,1
119,1,1,4,0,0,1,0,0,0,0,28.0,5.05,1
120,1,1,1,0,0,0,1,0,0,0,16.5,5.0,1
121,1,1,1,0,0,0,1,0,0,0,14.75,5.12,1
122,1,1,1,0,0,0,1,0,0,0,23.5,5.25,1
123,1,1,1,0,0,0,1,0,0,0,10.0,5.0,1
124,1,1,1,0,0,0,1,0,0,0,46.5,5.12,1
125,1,1,2,0,0,0,1,0,0,0,15.5,5.0,1
126,1,1,3,1,0,0,1,0,0,0,24.5,5.0,1
127,1,1,3,1,0,0,1,0,0,0,24.0,5.0,1
128,1,1,3,1,0,0,1,0,0,0,23.0,5.0,1
129,1,1,4,0,0,0,1,0,0,0,28.0,5.0,1
130,1,1,1,1,0,0,1,0,0,0,32.5,5.0,1
131,1,1,1,1,0,0,1,0,0,0,23.0,5.0,1
132,1,1,3,0,0,0,1,0,0,1,17.0,5.62,1
133,1,1,3,1,0,0,1,0,0,0,30.0,5.0,1
134,1,1,4,1,0,0,1,0,0,0,21.5,5.0,1
135,1,1,1,0,0,0,1,0,0,0,32.0,5.0,1
136,1,1,1,0,0,0,1,0,0,0,8.0,5.0,1
137,1,1,3,1,0,0,1,0,0,0,35.5,5.1,1
138,1,1,3,0,0,0,1,0,0,0,31.5,5.0,1
139,1,1,3,1,0,0,1,0,0,0,33.0,5.25,1
140,1,1,3,0,0,0,1,0,0,0,22.0,5.5,1
141,1,1,1,0,1,0,0,0,0,0,23.0,5.0,1
142,1,1,1,1,1,0,0,0,0,0,23.0,5.0,1
143,1,1,2,1,1,0,0,0,0,0,8.5,5.0,1
144,1,1,2,1,1,0,0,0,0,0,12.5,5.05,1
145,1,1,2,1,1,0,0,0,0,0,9.5,5.5,1
146,1,1,2,1,1,0,0,0,0,0,13.0,5.0,1
147,1,1,1,1,0,0,1,0,0,0,17.0,5.3,1
148,1,1,2,1,0,0,1,0,0,0,9.0,5.0,1
149,1,1,2,1,0,0,1,0,0,0,19.0,5.0,1
150,1,1,2,0,1,0,0,0,0,1,11.5,5.0,1
151,1,1,2,0,1,0,0,0,0,1,13.0,5.0,1
152,1,1,3,0,1,0,0,0,0,0,48.0,5.25,1
153,1,1,3,1,1,0,0,0,0,1,45.5,5.15,1
154,1,1,4,0,1,0,0,0,0,1,15.0,5.42,1
155,1,1,1,0,1,0,0,0,0,0,18.0,5.0,1
156,1,1,3,1,1,0,0,0,0,0,21.0,5.0,1
157,1,1,4,0,1,0,0,0,0,0,20.5,5.06,1
158,1,1,4,0,1,0,0,0,0,0,20.5,5.05,1
159,1,1,4,0,0,0,1,0,0,0,17.5,5.0,1
160,1,1,1,0,0,0,1,0,0,0,27.5,5.0,1
161,1,1,1,1,0,0,1,0,0,0,24.0,5.0,1
162,1,1,1,0,0,0,1,0,0,0,34.0,5.25,1
163,1,1,1,1,0,0,1,0,0,0,18.0,5.0,1
164,1,1,1,0,0,0,1,0,0,0,24.0,5.0,1
165,1,1,3,1,0,0,1,0,0,0,,5.05,1
166,1,1,4,1,0,0,1,0,0,0,33.5,5.0,1
167,1,1,4,1,0,0,1,0,0,0,12.0,5.75,1
168,1,1,1,0,0,0,1,0,0,0,35.0,5.0,1
169,1,1,1,0,0,1,0,0,0,0,35.0,4.5,1
170,1,1,1,0,0,1,0,0,0,0,16.0,4.75,1
171,1,1,2,0,0,1,0,0,0,0,15.5,4.25,1
172,1,1,3,0,0,1,0,0,0,0,19.0,4.75,1
173,1,1,3,0,0,1,0,0,0,0,24.0,4.5,1
174,1,1,4,0,0,1,0,0,0,0,,4.8,1
175,1,1,1,0,0,1,0,0,0,0,36.0,4.37,1
176,1,1,1,0,0,1,0,0,0,0,29.0,4.25,1
177,1,1,1,0,0,1,0,0,0,0,29.0,4.25,1
178,1,1,1,0,0,1,0,0,0,0,21.25,4.37,1
179,1,1,2,0,0,1,0,0,0,0,15.5,4.5,1
180,1,1,3,0,0,1,0,0,0,0,19.5,4.6,1
181,1,1,3,0,0,1,0,0,0,0,21.0,4.5,1
182,1,1,3,0,0,1,0,0,0,0,14.0,4.37,1
183,1,1,3,0,0,1,0,0,0,0,30.5,4.25,1
184,1,1,1,0,1,0,0,0,0,0,23.5,4.25,1
185,1,1,2,0,1,0,0,0,0,0,14.0,4.45,1
186,1,1,3,0,1,0,0,0,0,0,14.5,4.35,1
187,1,1,1,0,0,0,1,0,0,0,15.5,4.5,1
188,1,1,1,0,0,1,0,0,0,0,26.5,4.75,1
189,1,1,2,0,0,0,1,0,0,0,8.0,4.5,1
190,1,1,2,0,0,0,1,0,0,0,5.5,4.5,1
191,1,1,3,0,0,0,1,0,0,0,23.25,4.5,1
192,1,1,3,1,0,0,1,0,0,0,15.5,4.95,1
193,1,1,4,0,0,0,1,0,0,0,32.25,4.5,1
194,1,1,1,0,0,1,0,0,0,0,30.0,4.25,1
195,1,1,1,1,0,0,1,0,0,0,,4.25,1
196,1,1,1,0,0,0,1,0,0,0,30.5,4.5,1
197,1,1,1,0,0,0,1,0,0,0,14.0,4.8,1
198,1,1,1,0,0,0,1,0,0,0,27.0,4.25,1
199,1,1,1,0,0,0,1,0,0,0,18.5,4.5,1
200,1,1,1,0,0,0,1,0,0,0,38.0,4.25,1
201,1,1,1,0,0,0,1,0,0,0,16.5,4.25,1
202,1,1,1,0,0,0,1,0,0,0,50.0,4.5,1
203,1,1,1,0,0,0,1,0,0,0,20.5,4.75,1
204,1,1,2,0,0,0,1,0,0,0,6.5,4.25,1
205,1,1,2,0,0,0,1,0,0,0,13.5,4.25,1
206,1,1,3,1,0,0,1,0,0,0,28.0,4.25,1
207,1,1,3,1,0,0,1,0,0,0,21.5,4.5,1
208,1,1,4,0,0,0,1,0,0,0,,4.25,1
209,1,1,1,0,0,1,0,0,0,0,24.0,4.5,1
210,1,1,1,0,0,1,0,0,0,0,20.5,4.25,1
211,1,1,1,0,0,1,0,0,0,1,,4.5,1
212,1,1,1,0,1,0,0,0,0,0,23.5,4.25,1
213,1,1,1,1,0,1,0,0,0,1,23.0,4.25,1
214,1,1,1,1,0,1,0,0,0,1,17.0,4.25,1
215,1,1,1,1,0,0,1,0,0,0,20.5,4.25,1
216,1,1,2,0,0,1,0,0,0,0,23.5,4.25,1
217,1,1,2,0,0,0,1,0,0,0,9.5,4.25,1
218,1,1,2,0,0,1,0,0,0,0,10.0,4.25,1
219,1,1,2,0,0,1,0,0,0,1,14.0,4.25,1
220,1,1,3,1,0,1,0,0,0,1,85.0,4.75,1
221,1,1,3,0,0,1,0,0,0,1,15.0,4.75,1
222,1,1,3,0,1,0,0,0,0,0,21.5,4.4,1
223,1,1,4,0,0,1,0,0,0,1,53.0,4.62,1
224,1,1,1,0,0,0,1,0,0,0,24.0,4.25,1
225,1,1,1,0,0,0,1,0,0,0,20.5,4.25,1
226,1,1,1,1,0,0,1,0,0,0,14.5,4.25,1
227,1,1,1,0,0,0,1,0,0,0,25.0,4.25,1
228,1,1,3,0,0,0,1,0,0,0,27.0,4.25,1
229,1,1,1,0,0,1,0,0,0,0,22.5,4.75,1
230,1,1,1,0,0,1,0,0,0,0,36.5,4.75,1
231,1,1,1,0,0,1,0,0,0,0,17.25,4.25,1
232,1,1,1,0,0,0,1,0,0,0,21.5,4.25,1
233,1,1,1,0,0,0,1,0,0,0,24.5,4.75,1
234,1,1,1,1,0,1,0,0,0,0,19.0,4.5,1
235,1,1,1,0,0,0,1,0,0,0,25.0,4.25,1
236,1,1,1,0,0,1,0,0,0,0,16.0,4.25,1
237,1,1,2,0,0,1,0,0,0,0,19.0,4.5,1
238,1,1,3,1,0,1,0,0,0,0,22.75,4.5,1
239,1,1,3,1,0,1,0,0,0,0,35.0,4.5,1
240,1,1,3,1,0,1,0,0,0,0,16.0,4.75,1
241,1,1,3,0,0,1,0,0,0,0,21.0,4.62,1
242,1,1,3,1,0,1,0,0,0,0,26.75,4.25,1
243,1,1,3,1,0,0,1,0,0,0,30.5,4.25,1
244,1,1,4,0,0,1,0,0,0,0,23.0,4.5,1
245,1,1,4,0,0,1,0,0,0,0,21.5,4.75,1
246,1,1,4,0,0,0,1,0,0,0,36.5,4.25,1
247,1,1,1,0,0,0,1,0,0,0,23.0,4.8,1
248,1,1,1,0,0,0,1,0,0,0,14.0,4.5,1
249,1,1,1,0,0,0,1,0,0,0,17.25,4.67,1
250,1,1,1,0,0,0,1,0,0,0,18.5,4.87,1
251,1,1,2,0,0,0,1,0,0,0,8.5,4.5,1
252,1,1,2,0,0,0,1,0,0,0,14.0,4.5,1
253,1,1,3,1,0,0,1,0,0,0,23.0,4.75,1
254,1,1,4,0,0,0,1,0,0,0,29.0,4.75,1
255,1,1,1,0,0,0,1,0,0,0,19.0,4.25,1
256,1,1,1,1,0,0,1,0,0,1,21.0,4.25,1
257,1,1,1,0,0,0,1,0,0,0,17.0,4.75,1
258,1,1,1,0,0,0,1,0,0,0,36.0,4.85,1
259,1,1,1,0,0,0,1,0,0,1,25.0,4.75,1
260,1,1,1,0,0,0,1,0,0,0,29.5,4.62,1
261,1,1,2,1,0,0,1,0,0,1,22.0,4.25,1
262,1,1,2,0,0,0,1,0,0,0,11.0,4.25,1
263,1,1,2,0,0,0,1,0,0,1,13.5,4.5,1
264,1,1,2,0,1,0,0,0,0,1,13.5,4.5,1
265,1,1,2,0,0,0,1,0,0,0,18.0,4.62,1
266,1,1,2,0,0,1,0,0,0,1,9.5,4.5,1
267,1,1,3,0,0,0,1,0,0,0,24.0,4.75,1
268,1,1,3,0,0,0,1,0,0,0,14.5,4.75,1
269,1,1,4,0,0,0,1,0,0,0,29.0,4.87,1
270,1,1,4,0,0,0,1,0,0,1,10.5,4.5,1
271,1,1,4,0,0,0,1,0,0,1,18.0,4.25,1
272,1,1,1,0,0,0,1,0,0,0,,4.25,1
273,1,1,2,0,0,0,1,0,0,0,9.0,4.35,1
274,1,1,1,0,0,0,1,0,0,0,33.0,4.25,1
275,1,1,1,0,0,0,1,0,0,0,19.5,4.5,1
276,1,1,1,0,0,0,1,0,0,0,41.0,4.25,1
277,1,1,1,0,0,0,1,0,0,0,17.0,4.25,1
278,1,1,1,0,0,0,1,0,0,0,18.25,4.25,1
279,1,1,2,1,0,0,1,0,0,0,17.0,4.75,1
280,1,1,3,1,0,0,1,0,0,0,32.0,4.62,1
281,1,1,3,1,0,0,1,0,0,0,26.0,4.25,1
282,1,1,4,1,0,0,1,0,0,0,11.5,4.5,1
283,1,1,1,0,1,0,0,0,0,0,21.0,4.5,1
284,1,1,1,0,1,0,0,0,0,0,22.75,4.5,1
285,1,1,1,1,1,0,0,0,0,0,18.5,4.55,1
286,1,1,1,0,1,0,0,0,0,0,20.0,4.62,1
287,1,1,1,0,1,0,0,0,0,0,18.0,4.5,1
288,1,1,2,0,1,0,0,0,0,0,10.5,4.25,1
289,1,1,2,1,1,0,0,0,0,0,10.5,4.25,1
290,1,1,2,1,1,0,0,0,0,0,11.0,4.35,1
291,1,1,2,1,1,0,0,0,0,0,10.5,4.25,1
292,1,1,2,0,1,0,0,0,0,0,12.5,4.25,1
293,1,1,2,0,1,0,0,0,0,0,18.0,4.6,1
294,1,1,3,1,1,0,0,0,0,0,17.0,4.25,1
295,1,1,3,1,1,0,0,0,0,0,15.0,4.75,1
296,1,1,3,1,1,0,0,0,0,0,19.5,4.75,1
297,1,1,4,0,1,0,0,0,0,0,13.0,4.25,1
298,1,1,4,0,1,0,0,0,0,0,20.25,4.5,1
299,1,1,1,0,0,0,1,0,0,0,26.0,4.5,1
300,1,1,1,0,0,0,1,0,0,0,15.5,4.25,1
301,1,1,1,0,0,0,1,0,0,0,24.0,4.75,1
302,1,1,1,0,0,0,1,0,0,0,25.5,4.65,1
303,1,1,1,0,0,0,1,0,0,0,14.5,4.25,1
304,1,1,1,0,0,0,1,0,0,0,21.5,4.25,1
305,1,1,2,1,0,0,1,0,0,0,14.0,4.75,1
306,1,1,2,0,0,0,1,0,0,0,20.0,4.25,1
307,1,1,3,1,0,0,1,0,0,0,22.5,4.5,1
308,1,1,3,1,0,0,1,0,0,0,30.0,4.25,1
309,1,1,4,0,0,0,1,0,0,0,24.0,4.5,1
310,1,1,4,0,0,0,1,0,0,0,22.0,4.75,1
311,1,1,1,0,1,0,0,0,0,1,13.0,4.37,1
312,1,1,2,1,1,0,0,0,0,1,5.0,4.5,1
313,1,1,3,1,1,0,0,0,0,0,13.5,4.87,1
314,1,1,1,0,1,0,0,0,0,1,28.0,4.25,1
315,1,1,1,0,1,0,0,0,0,0,18.0,4.25,1
316,1,1,1,1,1,0,0,0,0,0,24.0,4.25,1
317,1,1,1,0,1,0,0,0,0,0,16.5,4.25,1
318,1,1,1,0,1,0,0,0,0,0,7.0,4.25,1
319,1,1,1,0,1,0,0,0,0,0,11.0,4.25,1
320,1,1,1,0,1,0,0,0,0,0,19.5,4.25,1
321,1,1,2,1,1,0,0,0,0,0,10.0,4.45,1
322,1,1,2,1,1,0,0,0,0,0,13.0,4.62,1
323,1,1,2,1,1,0,0,0,0,0,10.0,4.25,1
324,1,1,2,1,1,0,0,0,0,0,12.5,4.25,1
325,1,1,2,1,1,0,0,0,0,0,8.0,4.25,1
326,1,1,3,1,1,0,0,0,0,0,12.0,4.25,1
327,1,1,3,1,1,0,0,0,0,0,20.5,4.5,1
328,1,1,3,1,1,0,0,0,0,0,18.5,4.75,1
329,1,1,3,1,1,0,0,0,0,0,11.5,4.75,1
330,1,1,3,1,1,0,0,0,0,0,15.0,4.5,1
331,1,1,3,1,1,0,0,0,0,0,13.0,4.75,1
332,1,1,3,1,1,0,0,0,0,0,10.0,4.25,1
333,1,1,4,0,1,0,0,0,0,0,17.0,4.75,1
334,1,1,4,0,1,0,0,0,0,0,17.0,4.55,1
335,1,1,4,0,1,0,0,0,0,1,20.5,4.8,1
336,1,1,1,0,0,0,1,0,0,0,15.5,4.75,1
337,1,1,1,1,0,0,1,0,0,0,19.5,4.25,1
338,1,1,3,1,0,0,1,0,0,0,30.5,4.35,1
339,1,1,3,0,0,0,1,0,0,0,23.0,4.5,1
340,1,1,3,1,0,0,1,0,0,0,13.0,4.39,1
341,1,1,3,1,0,0,1,0,0,0,30.25,4.25,1
342,1,1,4,0,0,0,1,0,0,0,18.0,4.25,1
343,1,1,1,0,1,0,0,0,0,1,10.0,4.25,1
344,1,1,1,0,1,0,0,0,0,1,19.5,4.5,1
345,1,1,1,0,1,0,0,0,0,1,17.0,4.62,1
346,1,1,1,1,1,0,0,0,0,1,25.5,4.62,1
347,1,1,1,0,1,0,0,0,0,1,6.0,4.25,1
348,1,1,2,0,1,0,0,0,0,1,11.5,4.75,1
349,1,1,2,0,1,0,0,0,0,1,8.5,4.62,1
350,1,1,3,1,1,0,0,0,0,1,18.5,4.75,1
351,1,1,3,1,1,0,0,0,0,1,15.5,4.5,1
352,1,1,1,0,0,1,0,0,0,0,14.25,4.25,1
353,1,1,1,0,1,0,0,0,0,0,38.0,4.5,1
354,1,1,1,1,1,0,0,0,0,0,24.75,4.87,1
355,1,1,1,1,1,0,0,0,0,0,23.0,4.25,1
356,1,1,1,0,1,0,0,0,0,0,24.0,4.25,1
357,1,1,2,1,1,0,0,0,0,0,7.5,4.62,1
358,1,1,2,1,1,0,0,0,0,0,15.0,4.75,1
359,1,1,2,1,1,0,0,0,0,0,9.25,4.25,1
360,1,1,3,1,0,1,0,0,0,0,11.25,4.25,1
361,1,1,3,1,1,0,0,0,0,0,16.5,4.75,1
362,1,1,3,1,1,0,0,0,0,0,18.75,4.25,1
363,1,1,3,1,0,0,1,0,0,0,13.5,4.75,1
364,1,1,3,1,1,0,0,0,0,0,21.75,4.37,1
365,1,1,4,0,0,1,0,0,0,0,13.5,4.87,1
366,1,1,1,1,1,0,0,0,0,0,15.0,4.25,1
367,1,1,1,0,1,0,0,0,0,0,17.5,4.25,1
368,1,1,1,0,1,0,0,0,0,0,17.5,4.25,1
369,1,1,2,0,1,0,0,0,0,0,,4.25,1
370,1,1,2,0,1,0,0,0,0,0,15.5,4.25,1
371,1,1,2,0,1,0,0,0,0,0,16.5,4.25,1
372,1,1,3,0,1,0,0,0,0,0,13.5,4.5,1
373,1,1,4,0,1,0,0,0,0,0,13.0,4.25,1
374,1,1,1,1,0,0,1,0,0,0,11.5,4.35,1
375,1,1,1,0,0,0,1,0,0,0,29.05,4.85,1
376,1,1,1,0,0,0,1,0,0,0,13.0,4.5,1
377,1,1,1,0,0,0,1,0,0,0,18.0,4.25,1
378,1,1,1,0,0,0,1,0,0,0,30.0,4.62,1
379,1,1,1,0,0,0,1,0,0,0,20.5,4.5,1
380,1,1,1,0,0,0,1,0,0,0,10.0,4.5,1
381,1,1,1,0,0,0,1,0,0,0,,4.65,1
382,1,1,1,0,0,0,1,0,0,0,26.0,4.25,1
383,1,1,1,0,0,0,1,0,0,0,12.5,4.25,1
384,1,1,2,0,0,0,1,0,0,0,19.5,4.25,1
385,1,1,2,1,0,0,1,0,0,0,12.0,4.62,1
386,1,1,3,1,0,0,1,0,0,0,36.0,4.87,1
387,1,1,3,1,0,0,1,0,0,0,21.0,4.25,1
388,1,1,3,1,0,0,1,0,0,0,24.5,4.75,1
389,1,1,3,1,0,0,1,0,0,0,20.0,4.87,1
390,1,1,3,1,0,0,1,0,0,0,26.5,4.5,1
391,1,1,3,0,0,0,1,0,0,0,15.0,4.25,1
392,1,1,3,1,0,0,1,0,0,0,19.0,4.75,1
393,1,1,3,1,0,0,1,0,0,0,17.5,4.32,1
394,1,1,1,0,0,0,1,0,0,0,20.5,4.25,1
395,1,1,1,0,0,0,1,0,0,0,21.0,4.5,1
396,1,1,2,0,0,1,0,0,0,0,10.5,4.5,1
397,1,1,1,0,0,0,1,0,0,0,23.0,4.25,1
398,1,1,1,0,0,0,1,0,0,0,23.0,4.25,1
399,1,1,1,0,0,0,1,0,0,0,29.0,4.25,1
400,1,1,1,1,0,0,1,0,0,0,21.0,4.25,1
401,1,1,1,0,0,0,1,0,0,0,41.5,4.25,1
402,1,1,2,1,0,0,1,0,0,0,12.0,4.25,1
403,1,1,2,1,0,0,1,0,0,0,33.0,4.62,1
404,1,1,2,0,0,0,1,0,0,0,6.5,4.75,1
405,1,1,2,1,0,0,1,0,0,0,9.0,4.95,1
406,1,1,2,1,0,0,1,0,0,0,9.75,4.75,1
407,1,1,3,1,0,0,1,0,0,0,24.5,4.25,1
408,1,1,4,0,0,0,1,0,0,0,14.0,4.75,1
409,1,1,4,0,0,0,1,0,0,0,19.5,4.62,1
0,0,0,1,0,0,0,0,1,0,0,24.0,4.3,2
1,0,0,2,0,0,0,0,1,0,0,11.5,4.45,2
2,0,0,2,1,0,0,0,1,0,0,10.5,5.0,2
3,0,0,4,1,0,0,0,1,0,0,20.0,5.25,2
4,0,0,4,1,0,0,0,1,0,0,35.5,4.75,2
5,0,0,4,1,0,0,0,1,0,0,,,2
6,0,0,1,0,0,0,0,0,1,0,29.0,4.75,2
7,0,0,1,0,0,0,0,0,1,0,36.5,5.0,2
8,0,0,2,1,0,0,0,0,1,0,11.0,5.0,2
9,0,0,2,1,0,0,0,1,0,0,8.5,5.0,2
10,0,0,3,1,0,0,0,0,1,0,17.5,4.75,2
11,0,0,1,0,0,0,0,0,1,0,29.0,5.0,2
12,0,0,1,0,0,0,0,0,1,0,30.5,4.5,2
13,0,0,1,0,0,0,0,0,1,0,26.0,4.75,2
14,0,0,1,0,0,0,0,0,1,0,18.0,4.5,2
15,0,0,2,1,0,0,0,0,1,0,20.0,5.0,2
16,0,0,2,1,0,0,0,0,1,0,13.5,4.75,2
17,0,0,3,1,0,0,0,0,1,0,19.0,4.75,2
18,0,0,3,0,0,0,0,0,1,0,15.5,4.75,2
19,0,0,3,0,0,0,0,0,1,0,14.5,4.25,2
20,0,0,3,1,0,0,0,0,1,0,14.0,5.0,2
21,0,0,3,1,0,0,0,1,0,0,19.0,4.9,2
22,0,0,3,0,0,0,0,0,1,0,21.0,5.0,2
23,0,0,3,1,0,0,0,0,1,0,18.0,4.75,2
24,0,0,4,1,0,0,0,0,1,0,20.5,5.0,2
25,0,0,3,1,0,0,0,0,1,0,13.5,4.25,2
26,0,0,3,1,0,0,0,0,1,0,17.5,4.75,2
27,0,0,1,0,0,0,0,1,0,0,25.5,4.25,2
28,0,0,1,0,0,0,0,1,0,0,15.5,,2
29,0,0,1,0,0,0,0,1,0,0,25.5,4.25,2
30,0,0,1,0,0,0,0,1,0,0,27.0,4.25,2
31,0,0,1,0,0,0,0,1,0,0,16.0,4.25,2
32,0,0,1,0,0,0,0,1,0,0,19.0,4.25,2
33,0,0,1,0,0,0,0,1,0,0,24.5,4.25,2
34,0,0,1,0,0,0,0,1,0,0,25.0,4.38,2
35,0,0,2,0,0,0,0,1,0,0,17.0,4.75,2
36,0,0,2,0,0,0,0,1,0,0,16.5,4.25,2
37,0,0,4,1,0,0,0,1,0,0,20.0,4.5,2
38,0,0,4,1,0,0,0,1,0,0,18.0,4.5,2
39,0,0,4,0,0,0,0,1,0,0,12.0,4.25,2
40,0,0,4,0,0,0,0,1,0,0,25.0,4.25,2
41,0,0,2,1,0,0,0,0,1,0,11.0,4.25,2
42,0,0,1,0,0,0,0,1,0,0,27.0,4.25,2
43,0,0,1,0,0,0,0,1,0,0,34.0,5.05,2
44,0,0,1,0,0,0,0,1,0,0,25.0,,2
45,0,0,1,0,0,0,0,1,0,0,37.5,4.25,2
46,0,0,1,0,0,0,0,1,0,0,21.0,4.25,2
47,0,0,2,0,0,0,0,1,0,0,9.5,4.25,2
48,0,0,4,0,0,0,0,1,0,0,18.0,,2
49,0,0,4,0,0,0,0,1,0,0,18.0,4.25,2
50,0,0,4,0,0,0,0,1,0,0,19.0,4.35,2
51,0,0,4,0,0,0,0,1,0,0,31.5,4.5,2
52,0,0,1,0,0,0,0,0,1,0,23.0,5.0,2
53,0,0,1,0,0,0,0,0,1,0,24.5,4.5,2
54,0,0,1,0,0,0,0,0,1,0,27.5,5.0,2
55,0,0,1,0,0,0,0,0,1,0,34.5,4.75,2
56,0,0,2,1,0,0,0,0,1,0,14.0,5.0,2
57,0,0,3,1,0,0,0,0,1,0,15.0,4.35,2
58,0,0,4,0,0,0,0,0,1,0,23.0,,2
59,0,0,1,0,0,0,0,0,1,0,26.5,4.25,2
60,0,0,1,0,0,0,0,0,1,0,23.5,4.9,2
61,0,0,1,0,0,0,0,0,1,0,35.5,4.5,2
62,0,0,1,0,0,0,0,0,1,0,21.0,4.5,2
63,0,0,1,0,0,0,0,1,0,0,23.0,4.75,2
64,0,0,1,0,0,0,0,0,1,0,20.0,6.25,2
65,0,0,1,0,0,0,0,1,0,0,27.0,4.35,2
66,0,0,2,1,0,0,0,0,1,0,13.0,4.5,2
67,0,0,3,0,0,0,0,0,1,0,0.0,,2
68,0,0,3,1,0,0,0,0,1,0,13.5,4.5,2
69,0,0,4,1,0,0,0,0,1,0,,,2
70,0,0,4,1,0,0,0,0,1,0,26.75,5.0,2
71,0,0,1,0,0,0,0,0,1,0,43.5,4.75,2
72,0,0,1,0,0,0,0,0,1,0,41.25,4.5,2
73,0,0,3,1,0,0,0,0,1,0,14.25,,2
74,0,0,3,1,0,0,0,0,1,0,12.5,4.75,2
75,0,0,3,0,0,0,0,0,1,0,34.0,4.25,2
76,0,0,3,1,0,0,0,0,1,0,10.0,4.91,2
77,0,0,1,0,0,0,0,1,0,0,14.0,4.4,2
78,0,0,1,0,0,0,0,1,0,0,17.5,4.25,2
79,1,1,1,0,0,1,0,0,0,0,27.0,5.05,2
80,1,1,1,0,0,1,0,0,0,0,21.5,5.05,2
81,1,1,3,0,0,1,0,0,0,0,23.0,5.05,2
82,1,1,3,1,0,0,1,0,0,0,21.5,5.05,2
83,1,1,1,0,0,0,1,0,0,0,34.5,5.05,2
84,1,1,2,0,0,0,1,0,0,0,10.5,5.05,2
85,1,1,4,0,0,0,1,0,0,0,16.5,5.05,2
86,1,1,1,0,0,0,1,0,0,0,23.0,5.05,2
87,1,1,1,0,0,0,1,0,0,0,38.0,5.05,2
88,1,1,4,0,1,0,0,0,0,1,36.0,5.25,2
89,1,1,4,0,1,0,0,0,0,0,16.0,,2
90,1,1,1,0,0,0,1,0,0,0,20.5,5.05,2
91,1,1,3,1,0,0,1,0,0,0,19.0,5.05,2
92,1,1,4,0,0,0,1,0,0,0,53.0,5.05,2
93,1,1,1,0,1,0,0,0,0,0,16.5,5.05,2
94,1,1,1,1,1,0,0,0,0,0,16.5,5.05,2
95,1,1,1,1,0,0,1,0,0,0,45.0,5.05,2
96,1,1,3,1,0,1,0,0,0,0,8.0,5.05,2
97,1,1,2,0,0,1,0,0,0,0,15.5,5.05,2
98,1,1,1,0,0,0,1,0,0,0,24.0,5.05,2
99,1,1,2,1,0,1,0,0,0,0,7.5,5.05,2
100,1,1,2,0,0,0,1,0,0,0,7.5,5.05,2
101,1,1,2,0,0,1,0,0,0,0,18.5,5.05,2
102,1,1,3,0,0,0,1,0,0,0,16.5,5.05,2
103,1,1,4,0,0,1,0,0,0,0,33.5,5.05,2
104,1,1,3,0,0,0,1,0,0,0,37.0,5.05,2
105,1,1,3,1,0,0,1,0,0,0,18.0,5.05,2
106,1,1,4,0,0,0,1,0,0,0,26.5,5.05,2
107,1,1,4,0,0,0,1,0,0,0,33.0,5.05,2
108,1,1,4,0,0,0,1,0,0,0,,5.05,2
109,1,1,1,0,0,1,0,0,0,1,20.5,5.05,2
110,1,1,1,1,0,1,0,0,0,0,24.5,5.5,2
111,1,1,2,0,0,1,0,0,0,0,16.0,5.05,2
112,1,1,4,0,0,0,1,0,0,0,,5.05,2
113,1,1,4,0,0,0,1,0,0,0,23.5,5.05,2
114,1,1,2,1,0,1,0,0,0,0,13.0,5.05,2
115,1,1,3,0,0,1,0,0,0,0,20.0,5.05,2
116,1,1,3,0,0,1,0,0,0,0,22.0,5.05,2
117,1,1,4,0,0,1,0,0,0,0,28.5,5.5,2
118,1,1,4,0,0,1,0,0,0,0,,,2
119,1,1,4,0,0,1,0,0,0,0,25.5,5.05,2
120,1,1,1,0,0,0,1,0,0,0,18.0,5.28,2
121,1,1,1,0,0,0,1,0,0,0,9.0,5.25,2
122,1,1,1,0,0,0,1,0,0,0,26.5,5.05,2
123,1,1,1,0,0,0,1,0,0,0,0.0,,2
124,1,1,1,0,0,0,1,0,0,0,23.75,5.05,2
125,1,1,2,0,0,0,1,0,0,0,18.0,5.5,2
126,1,1,3,1,0,0,1,0,0,0,36.0,5.05,2
127,1,1,3,1,0,0,1,0,0,0,21.0,5.05,2
128,1,1,3,1,0,0,1,0,0,0,15.5,5.05,2
129,1,1,4,0,0,0,1,0,0,0,22.5,5.05,2
130,1,1,1,1,0,0,1,0,0,0,27.0,5.05,2
131,1,1,1,1,0,0,1,0,0,0,34.0,5.05,2
132,1,1,3,0,0,0,1,0,0,1,16.75,5.05,2
133,1,1,3,1,0,0,1,0,0,0,26.0,5.05,2
134,1,1,4,1,0,0,1,0,0,0,18.0,5.05,2
135,1,1,1,0,0,0,1,0,0,0,20.5,5.05,2
136,1,1,1,0,0,0,1,0,0,0,15.0,5.05,2
137,1,1,3,1,0,0,1,0,0,0,25.5,5.05,2
138,1,1,3,0,0,0,1,0,0,0,,5.05,2
139,1,1,3,1,0,0,1,0,0,0,20.0,5.05,2
140,1,1,3,0,0,0,1,0,0,0,18.0,5.05,2
141,1,1,1,0,1,0,0,0,0,0,26.5,5.05,2
142,1,1,1,1,1,0,0,0,0,0,23.25,5.05,2
143,1,1,2,1,1,0,0,0,0,0,10.5,5.05,2
144,1,1,2,1,1,0,0,0,0,0,12.0,5.25,2
145,1,1,2,1,1,0,0,0,0,0,9.5,5.05,2
146,1,1,2,1,1,0,0,0,0,0,15.5,5.05,2
147,1,1,1,1,0,0,1,0,0,0,14.5,5.05,2
148,1,1,2,1,0,0,1,0,0,0,14.0,5.05,2
149,1,1,2,1,0,0,1,0,0,0,6.5,5.05,2
150,1,1,2,0,1,0,0,0,0,1,10.0,5.05,2
151,1,1,2,0,1,0,0,0,0,1,11.5,5.05,2
152,1,1,3,0,1,0,0,0,0,0,46.5,5.05,2
153,1,1,3,1,1,0,0,0,0,1,26.5,5.05,2
154,1,1,4,0,1,0,0,0,0,1,16.0,5.67,2
155,1,1,1,0,1,0,0,0,0,0,13.0,5.05,2
156,1,1,3,1,1,0,0,0,0,0,14.0,5.05,2
157,1,1,4,0,1,0,0,0,0,0,15.5,5.05,2
158,1,1,4,0,1,0,0,0,0,0,18.0,5.05,2
159,1,1,4,0,0,0,1,0,0,0,27.0,5.25,2
160,1,1,1,0,0,0,1,0,0,0,27.0,5.25,2
161,1,1,1,1,0,0,1,0,0,0,29.5,5.05,2
162,1,1,1,0,0,0,1,0,0,0,16.5,5.5,2
163,1,1,1,1,0,0,1,0,0,0,31.5,5.05,2
164,1,1,1,0,0,0,1,0,0,0,27.5,5.05,2
165,1,1,3,1,0,0,1,0,0,0,25.5,5.05,2
166,1,1,4,1,0,0,1,0,0,0,32.0,5.5,2
167,1,1,4,1,0,0,1,0,0,0,14.5,5.5,2
168,1,1,1,0,0,0,1,0,0,0,10.5,5.05,2
169,1,1,1,0,0,1,0,0,0,0,44.0,5.05,2
170,1,1,1,0,0,1,0,0,0,0,15.5,5.25,2
171,1,1,2,0,0,1,0,0,0,0,10.5,5.05,2
172,1,1,3,0,0,1,0,0,0,0,24.0,5.05,2
173,1,1,3,0,0,1,0,0,0,0,29.0,5.15,2
174,1,1,4,0,0,1,0,0,0,0,30.5,5.05,2
175,1,1,1,0,0,1,0,0,0,0,20.0,5.05,2
176,1,1,1,0,0,1,0,0,0,0,26.5,5.05,2
177,1,1,1,0,0,1,0,0,0,0,27.0,5.05,2
178,1,1,1,0,0,1,0,0,0,0,26.5,5.05,2
179,1,1,2,0,0,1,0,0,0,0,10.5,5.0,2
180,1,1,3,0,0,1,0,0,0,0,18.0,5.05,2
181,1,1,3,0,0,1,0,0,0,0,18.5,5.05,2
182,1,1,3,0,0,1,0,0,0,0,25.5,5.05,2
183,1,1,3,0,0,1,0,0,0,0,32.0,5.05,2
184,1,1,1,0,1,0,0,0,0,0,33.0,5.05,2
185,1,1,2,0,1,0,0,0,0,0,7.5,5.05,2
186,1,1,3,0,1,0,0,0,0,0,12.5,5.05,2
187,1,1,1,0,0,0,1,0,0,0,24.0,5.05,2
188,1,1,1,0,0,1,0,0,0,0,29.0,5.05,2
189,1,1,2,0,0,0,1,0,0,0,10.0,,2
190,1,1,2,0,0,0,1,0,0,0,9.5,5.05,2
191,1,1,3,0,0,0,1,0,0,0,17.5,5.05,2
192,1,1,3,1,0,0,1,0,0,0,17.5,5.05,2
193,1,1,4,0,0,0,1,0,0,0,25.0,5.05,2
194,1,1,1,0,0,1,0,0,0,0,26.0,5.05,2
195,1,1,1,1,0,0,1,0,0,0,24.0,5.05,2
196,1,1,1,0,0,0,1,0,0,0,22.5,5.05,2
197,1,1,1,0,0,0,1,0,0,0,,5.05,2
198,1,1,1,0,0,0,1,0,0,0,35.0,5.05,2
199,1,1,1,0,0,0,1,0,0,0,17.75,5.05,2
200,1,1,1,0,0,0,1,0,0,0,24.5,5.05,2
201,1,1,1,0,0,0,1,0,0,0,16.5,5.05,2
202,1,1,1,0,0,0,1,0,0,0,30.0,5.05,2
203,1,1,1,0,0,0,1,0,0,0,39.0,5.05,2
204,1,1,2,0,0,0,1,0,0,0,17.0,5.05,2
205,1,1,2,0,0,0,1,0,0,0,12.5,5.05,2
206,1,1,3,1,0,0,1,0,0,0,38.5,5.05,2
207,1,1,3,1,0,0,1,0,0,0,20.0,5.05,2
208,1,1,4,0,0,0,1,0,0,0,21.0,5.05,2
209,1,1,1,0,0,1,0,0,0,0,32.0,5.05,2
210,1,1,1,0,0,1,0,0,0,0,19.0,5.05,2
211,1,1,1,0,0,1,0,0,0,1,20.0,5.05,2
212,1,1,1,0,1,0,0,0,0,0,26.5,5.05,2
213,1,1,1,1,0,1,0,0,0,1,19.0,5.05,2
214,1,1,1,1,0,1,0,0,0,1,20.0,5.05,2
215,1,1,1,1,0,0,1,0,0,0,22.5,5.05,2
216,1,1,2,0,0,1,0,0,0,0,10.0,5.05,2
217,1,1,2,0,0,0,1,0,0,0,12.5,5.05,2
218,1,1,2,0,0,1,0,0,0,0,11.0,5.05,2
219,1,1,2,0,0,1,0,0,0,1,12.5,5.05,2
220,1,1,3,1,0,1,0,0,0,1,59.0,5.05,2
221,1,1,3,0,0,1,0,0,0,1,19.0,5.05,2
222,1,1,3,0,1,0,0,0,0,0,15.5,5.05,2
223,1,1,4,0,0,1,0,0,0,1,19.0,5.05,2
224,1,1,1,0,0,0,1,0,0,0,26.5,5.05,2
225,1,1,1,0,0,0,1,0,0,0,17.5,5.05,2
226,1,1,1,1,0,0,1,0,0,0,20.5,5.05,2
227,1,1,1,0,0,0,1,0,0,0,28.0,5.05,2
228,1,1,3,0,0,0,1,0,0,0,30.25,5.05,2
229,1,1,1,0,0,1,0,0,0,0,44.0,5.25,2
230,1,1,1,0,0,1,0,0,0,0,17.5,5.05,2
231,1,1,1,0,0,1,0,0,0,0,31.0,5.05,2
232,1,1,1,0,0,0,1,0,0,0,31.0,5.05,2
233,1,1,1,0,0,0,1,0,0,0,28.5,5.05,2
234,1,1,1,1,0,1,0,0,0,0,19.0,5.05,2
235,1,1,1,0,0,0,1,0,0,0,41.0,5.05,2
236,1,1,1,0,0,1,0,0,0,0,28.0,5.05,2
237,1,1,2,0,0,1,0,0,0,0,9.5,5.05,2
238,1,1,3,1,0,1,0,0,0,0,25.0,5.05,2
239,1,1,3,1,0,1,0,0,0,0,28.0,5.5,2
240,1,1,3,1,0,1,0,0,0,0,16.0,5.05,2
241,1,1,3,0,0,1,0,0,0,0,22.75,5.05,2
242,1,1,3,1,0,1,0,0,0,0,,,2
243,1,1,3,1,0,0,1,0,0,0,32.0,5.05,2
244,1,1,4,0,0,1,0,0,0,0,27.5,5.67,2
245,1,1,4,0,0,1,0,0,0,0,25.5,5.05,2
246,1,1,4,0,0,0,1,0,0,0,60.5,5.05,2
247,1,1,1,0,0,0,1,0,0,0,20.5,5.05,2
248,1,1,1,0,0,0,1,0,0,0,16.0,5.05,2
249,1,1,1,0,0,0,1,0,0,0,25.0,5.75,2
250,1,1,1,0,0,0,1,0,0,0,13.0,5.05,2
251,1,1,2,0,0,0,1,0,0,0,9.0,5.05,2
252,1,1,2,0,0,0,1,0,0,0,16.5,5.25,2
253,1,1,3,1,0,0,1,0,0,0,21.0,5.05,2
254,1,1,4,0,0,0,1,0,0,0,21.5,5.05,2
255,1,1,1,0,0,0,1,0,0,0,20.0,5.25,2
256,1,1,1,1,0,0,1,0,0,1,21.25,5.05,2
257,1,1,1,0,0,0,1,0,0,0,21.5,5.05,2
258,1,1,1,0,0,0,1,0,0,0,31.0,5.05,2
259,1,1,1,0,0,0,1,0,0,1,33.0,5.05,2
260,1,1,1,0,0,0,1,0,0,0,37.75,5.05,2
261,1,1,2,1,0,0,1,0,0,1,9.0,5.05,2
262,1,1,2,0,0,0,1,0,0,0,11.0,5.05,2
263,1,1,2,0,0,0,1,0,0,1,12.75,5.05,2
264,1,1,2,0,1,0,0,0,0,1,10.5,5.05,2
265,1,1,2,0,0,0,1,0,0,0,22.0,5.05,2
266,1,1,2,0,0,1,0,0,0,1,8.0,5.05,2
267,1,1,3,0,0,0,1,0,0,0,25.0,5.05,2
268,1,1,3,0,0,0,1,0,0,0,12.5,5.05,2
269,1,1,4,0,0,0,1,0,0,0,22.5,5.25,2
270,1,1,4,0,0,0,1,0,0,1,11.5,5.05,2
271,1,1,4,0,0,0,1,0,0,1,23.5,5.05,2
272,1,1,1,0,0,0,1,0,0,0,30.0,5.05,2
273,1,1,2,0,0,0,1,0,0,0,16.5,5.05,2
274,1,1,1,0,0,0,1,0,0,0,29.0,5.05,2
275,1,1,1,0,0,0,1,0,0,0,30.0,5.05,2
276,1,1,1,0,0,0,1,0,0,0,22.5,5.05,2
277,1,1,1,0,0,0,1,0,0,0,24.0,5.05,2
278,1,1,1,0,0,0,1,0,0,0,21.75,5.05,2
279,1,1,2,1,0,0,1,0,0,0,13.5,5.2,2
280,1,1,3,1,0,0,1,0,0,0,24.0,5.05,2
281,1,1,3,1,0,0,1,0,0,0,28.5,5.05,2
282,1,1,4,1,0,0,1,0,0,0,10.0,5.05,2
283,1,1,1,0,1,0,0,0,0,0,23.5,5.05,2
284,1,1,1,0,1,0,0,0,0,0,30.5,5.05,2
285,1,1,1,1,1,0,0,0,0,0,24.75,5.05,2
286,1,1,1,0,1,0,0,0,0,0,22.5,5.05,2
287,1,1,1,0,1,0,0,0,0,0,28.0,5.05,2
288,1,1,2,0,1,0,0,0,0,0,14.0,5.05,2
289,1,1,2,1,1,0,0,0,0,0,9.0,5.05,2
290,1,1,2,1,1,0,0,0,0,0,9.5,5.05,2
291,1,1,2,1,1,0,0,0,0,0,15.5,5.05,2
292,1,1,2,0,1,0,0,0,0,0,12.0,5.05,2
293,1,1,2,0,1,0,0,0,0,0,11.5,5.05,2
294,1,1,3,1,1,0,0,0,0,0,12.5,5.05,2
295,1,1,3,1,1,0,0,0,0,0,16.0,5.05,2
296,1,1,3,1,1,0,0,0,0,0,28.5,5.05,2
297,1,1,4,0,1,0,0,0,0,0,15.0,5.3,2
298,1,1,4,0,1,0,0,0,0,0,23.5,5.05,2
299,1,1,1,0,0,0,1,0,0,0,30.5,5.5,2
300,1,1,1,0,0,0,1,0,0,0,26.5,5.05,2
301,1,1,1,0,0,0,1,0,0,0,27.0,5.05,2
302,1,1,1,0,0,0,1,0,0,0,21.5,5.05,2
303,1,1,1,0,0,0,1,0,0,0,,5.05,2
304,1,1,1,0,0,0,1,0,0,0,21.5,5.05,2
305,1,1,2,1,0,0,1,0,0,0,37.5,5.05,2
306,1,1,2,0,0,0,1,0,0,0,11.5,5.05,2
307,1,1,3,1,0,0,1,0,0,0,21.0,5.05,2
308,1,1,3,1,0,0,1,0,0,0,28.0,5.05,2
309,1,1,4,0,0,0,1,0,0,0,24.0,5.05,2
310,1,1,4,0,0,0,1,0,0,0,23.0,5.05,2
311,1,1,1,0,1,0,0,0,0,1,19.0,5.05,2
312,1,1,2,1,1,0,0,0,0,1,7.0,5.05,2
313,1,1,3,1,1,0,0,0,0,0,14.0,5.05,2
314,1,1,1,0,1,0,0,0,0,1,,,2
315,1,1,1,0,1,0,0,0,0,0,32.0,5.05,2
316,1,1,1,1,1,0,0,0,0,0,22.0,5.05,2
317,1,1,1,0,1,0,0,0,0,0,14.25,5.05,2
318,1,1,1,0,1,0,0,0,0,0,16.5,5.05,2
319,1,1,1,0,1,0,0,0,0,0,0.0,,2
320,1,1,1,0,1,0,0,0,0,0,47.5,5.05,2
321,1,1,2,1,1,0,0,0,0,0,15.5,5.05,2
322,1,1,2,1,1,0,0,0,0,0,10.5,5.05,2
323,1,1,2,1,1,0,0,0,0,0,7.0,5.05,2
324,1,1,2,1,1,0,0,0,0,0,11.0,5.05,2
325,1,1,2,1,1,0,0,0,0,0,8.5,5.05,2
326,1,1,3,1,1,0,0,0,0,0,0.0,,2
327,1,1,3,1,1,0,0,0,0,0,15.0,5.05,2
328,1,1,3,1,1,0,0,0,0,0,13.5,5.05,2
329,1,1,3,1,1,0,0,0,0,0,12.5,5.05,2
330,1,1,3,1,1,0,0,0,0,0,12.5,5.05,2
331,1,1,3,1,1,0,0,0,0,0,12.5,5.05,2
332,1,1,3,1,1,0,0,0,0,0,10.0,5.05,2
333,1,1,4,0,1,0,0,0,0,0,13.5,5.05,2
334,1,1,4,0,1,0,0,0,0,0,16.0,5.1,2
335,1,1,4,0,1,0,0,0,0,1,23.5,5.05,2
336,1,1,1,0,0,0,1,0,0,0,,5.05,2
337,1,1,1,1,0,0,1,0,0,0,34.0,5.05,2
338,1,1,3,1,0,0,1,0,0,0,32.5,5.05,2
339,1,1,3,0,0,0,1,0,0,0,21.5,5.05,2
340,1,1,3,1,0,0,1,0,0,0,20.0,5.05,2
341,1,1,3,1,0,0,1,0,0,0,43.5,5.2,2
342,1,1,4,0,0,0,1,0,0,0,17.5,5.05,2
343,1,1,1,0,1,0,0,0,0,1,7.0,5.05,2
344,1,1,1,0,1,0,0,0,0,1,,5.05,2
345,1,1,1,0,1,0,0,0,0,1,22.0,5.25,2
346,1,1,1,1,1,0,0,0,0,1,22.0,5.05,2
347,1,1,1,0,1,0,0,0,0,1,7.0,5.05,2
348,1,1,2,0,1,0,0,0,0,1,14.0,5.05,2
349,1,1,2,0,1,0,0,0,0,1,27.0,5.05,2
350,1,1,3,1,1,0,0,0,0,1,18.5,5.05,2
351,1,1,3,1,1,0,0,0,0,1,11.5,5.05,2
352,1,1,1,0,0,1,0,0,0,0,16.0,5.05,2
353,1,1,1,0,1,0,0,0,0,0,25.0,5.05,2
354,1,1,1,1,1,0,0,0,0,0,30.5,5.05,2
355,1,1,1,1,1,0,0,0,0,0,11.5,5.05,2
356,1,1,1,0,1,0,0,0,0,0,25.5,5.05,2
357,1,1,2,1,1,0,0,0,0,0,9.5,5.05,2
358,1,1,2,1,1,0,0,0,0,0,11.5,5.05,2
359,1,1,2,1,1,0,0,0,0,0,12.0,,2
360,1,1,3,1,0,1,0,0,0,0,0.0,,2
361,1,1,3,1,1,0,0,0,0,0,17.0,5.05,2
362,1,1,3,1,1,0,0,0,0,0,24.0,5.05,2
363,1,1,3,1,0,0,1,0,0,0,,,2
364,1,1,3,1,1,0,0,0,0,0,,5.05,2
365,1,1,4,0,0,1,0,0,0,0,13.5,,2
366,1,1,1,1,1,0,0,0,0,0,17.0,5.05,2
367,1,1,1,0,1,0,0,0,0,0,28.0,5.05,2
368,1,1,1,0,1,0,0,0,0,0,21.5,5.05,2
369,1,1,2,0,1,0,0,0,0,0,30.0,5.05,2
370,1,1,2,0,1,0,0,0,0,0,19.5,5.2,2
371,1,1,2,0,1,0,0,0,0,0,20.0,5.05,2
372,1,1,3,0,1,0,0,0,0,0,14.5,5.05,2
373,1,1,4,0,1,0,0,0,0,0,14.5,5.05,2
374,1,1,1,1,0,0,1,0,0,0,0.0,,2
375,1,1,1,0,0,0,1,0,0,0,31.5,5.05,2
376,1,1,1,0,0,0,1,0,0,0,11.5,5.05,2
377,1,1,1,0,0,0,1,0,0,0,20.0,5.05,2
378,1,1,1,0,0,0,1,0,0,0,34.0,5.05,2
379,1,1,1,0,0,0,1,0,0,0,25.0,5.05,2
380,1,1,1,0,0,0,1,0,0,0,10.0,5.05,2
381,1,1,1,0,0,0,1,0,0,0,18.0,5.05,2
382,1,1,1,0,0,0,1,0,0,0,25.0,5.05,2
383,1,1,1,0,0,0,1,0,0,0,23.0,5.05,2
384,1,1,2,0,0,0,1,0,0,0,17.5,5.05,2
385,1,1,2,1,0,0,1,0,0,0,23.0,5.25,2
386,1,1,3,1,0,0,1,0,0,0,26.0,5.4,2
387,1,1,3,1,0,0,1,0,0,0,16.5,5.05,2
388,1,1,3,1,0,0,1,0,0,0,35.5,5.05,2
389,1,1,3,1,0,0,1,0,0,0,31.0,5.05,2
390,1,1,3,1,0,0,1,0,0,0,23.0,5.05,2
391,1,1,3,0,0,0,1,0,0,0,22.5,5.05,2
392,1,1,3,1,0,0,1,0,0,0,21.5,5.05,2
393,1,1,3,1,0,0,1,0,0,0,12.0,5.05,2
394,1,1,1,0,0,0,1,0,0,0,20.5,5.05,2
395,1,1,1,0,0,0,1,0,0,0,25.0,5.05,2
396,1,1,2,0,0,1,0,0,0,0,8.5,5.05,2
397,1,1,1,0,0,0,1,0,0,0,13.0,5.05,2
398,1,1,1,0,0,0,1,0,0,0,21.5,5.05,2
399,1,1,1,0,0,0,1,0,0,0,23.0,5.05,2
400,1,1,1,1,0,0,1,0,0,0,25.5,5.05,2
401,1,1,1,0,0,0,1,0,0,0,21.5,5.05,2
402,1,1,2,1,0,0,1,0,0,0,9.5,5.05,2
403,1,1,2,1,0,0,1,0,0,0,36.5,5.05,2
404,1,1,2,0,0,0,1,0,0,0,16.0,5.05,2
405,1,1,2,1,0,0,1,0,0,0,23.75,5.25,2
406,1,1,2,1,0,0,1,0,0,0,17.5,5.25,2
407,1,1,3,1,0,0,1,0,0,0,20.5,5.05,2
408,1,1,4,0,0,0,1,0,0,0,20.5,5.05,2
409,1,1,4,0,0,0,1,0,0,0,25.0,5.14,2
